text,label
o t√©cnico veio e fez um servi√ßo porco por favor,2
"olha, estou cansado de falar com rob√¥ no atendimento por favor",2
j√° abri 5 protocolos e ningu√©m resolve nada hoje,3
n√£o t√¥ conseguindo usar o app de voc√™s me ajuda,1
voc√™s cobram caro e entregam um servi√ßo p√©ssimo me ajuda,2
tem alguma promo√ß√£o nova no meu plano atual? de novo,0
cansei de reclamar e nada muda de novo,2
"poxa, minha internet est√° bem lenta hoje ...",1
"isso j√° aconteceu outras vezes, estou ficando irritado agora",2
"voc√™s s√≥ sabem cobrar, mas n√£o entregam servi√ßo me ajuda",3
tem alguma promo√ß√£o nova no meu plano atual?,0
voc√™s cobram caro e entregam um servi√ßo p√©ssimo,2
"sinceramente, oi, tudo bem? quero verificar meu consumo agora",0
"gente, t√° dif√≠cil falar com algu√©m do suporte por favor",1
"ol√°, quero entender melhor meu contrato de novo",0
"bom dia, gostaria de uma informa√ß√£o sobre meu plano hoje",0
"se n√£o resolverem agora, vou pra concorrente",3
"olha, voc√™s me fazem perder tempo e paci√™ncia",3
"sinceramente, estou cansado de falar com rob√¥ no atendimento por favor",2
"preciso de ajuda com a fatura, mas sem urg√™ncia ...",0
"por favor, n√£o t√¥ conseguindo usar o app de voc√™s me ajuda",1
voc√™s poderiam me mandar a √∫ltima fatura? !!!,0
"por favor, gostaria de confirmar a data da minha instala√ß√£o hoje",0
tem alguma promo√ß√£o nova no meu plano atual?,0
"sinceramente, oi, poderiam me ajudar por favor? !!!",0
j√° abri 5 protocolos e ningu√©m resolve nada de novo,3
n√£o tem um dia que funcione direito essa internet,2
t√° dif√≠cil falar com algu√©m do suporte me ajuda üò° ,1
"sinceramente, j√° abri 5 protocolos e ningu√©m resolve nada agora",3
voc√™s cobram caro e entregam um servi√ßo p√©ssimo !!!,2
estou completamente insatisfeito com voc√™s t√° dif√≠cil,3
"por favor, me prometeram uma liga√ß√£o e n√£o retornaram agora",1
"olha, j√° tentei ligar e ningu√©m me atende, poderiam me ajudar aqui? ...",1
o t√©cnico veio e fez um servi√ßo porco de novo,2
gostaria de confirmar a data da minha instala√ß√£o,0
"isso √© um absurdo, vou processar essa empresa",3
n√£o t√¥ conseguindo usar o app de voc√™s,1
tentei resolver isso ontem e ainda nada,1
j√° virou rotina minha internet cair √† noite t√° dif√≠cil,1
"sinceramente, isso j√° aconteceu outras vezes, estou ficando irritado t√° dif√≠cil",2
"preciso de ajuda com a fatura, mas sem urg√™ncia",0
"gente, se n√£o resolverem agora, vou pra concorrente t√° dif√≠cil",3
"ningu√©m resolve meu problema, sempre empurram pra outro setor",2
"olha, h√° dias tento resolver isso e s√≥ enrolam me ajuda",2
estou completamente insatisfeito com voc√™s !!!,3
"sinceramente, preciso de ajuda com a fatura, mas sem urg√™ncia ...",0
cansei de reclamar e nada muda,2
gostaria de confirmar a data da minha instala√ß√£o ...,0
"olha, isso √© um absurdo, vou processar essa empresa t√° dif√≠cil",3
fui mal atendido na √∫ltima liga√ß√£o ...,1
voc√™s cobram caro e entregam um servi√ßo p√©ssimo de novo,2
"sinceramente, oi, poderiam me ajudar por favor? por favor",0
n√£o t√¥ conseguindo usar o app de voc√™s me ajuda,1
o t√©cnico veio e fez um servi√ßo porco,2
"preciso de ajuda com a fatura, mas sem urg√™ncia",0
quero saber se posso mudar meu plano t√° dif√≠cil,0
t√° dif√≠cil falar com algu√©m do suporte ...,1
nunca mais contrato nada com essa operadora,3
estou completamente insatisfeito com voc√™s,3
"poxa, minha internet est√° bem lenta hoje",1
"ol√°, quero entender melhor meu contrato",0
"√© sempre a mesma coisa, ningu√©m faz nada! agora",3
"por favor, gostaria de confirmar a data da minha instala√ß√£o por favor",0
voc√™s me fazem perder tempo e paci√™ncia,3
"voc√™s s√≥ sabem cobrar, mas n√£o entregam servi√ßo !!!",3
me prometeram uma liga√ß√£o e n√£o retornaram de novo,1
"por favor, bom dia, gostaria de uma informa√ß√£o sobre meu plano",0
o t√©cnico veio e fez um servi√ßo porco agora,2
me sinto desrespeitado como cliente !!!,2
"bom dia, gostaria de uma informa√ß√£o sobre meu plano",0
me sinto desrespeitado como cliente ...,2
"gente, cansei de reclamar e nada muda de novo",2
"por favor, meu sinal fica caindo toda hora, t√° complicado por favor",1
"meu sinal fica caindo toda hora, t√° complicado",1
h√° dias tento resolver isso e s√≥ enrolam,2
"gente, voc√™s poderiam me mandar a √∫ltima fatura? hoje",0
"j√° tentei ligar e ningu√©m me atende, poderiam me ajudar aqui?",1
"por favor, ningu√©m resolve meu problema, sempre empurram pra outro setor me ajuda",2
"oi, tudo bem? quero verificar meu consumo agora",0
"tudo certo com meu atendimento anterior, s√≥ uma d√∫vida",0
n√£o tem um dia que funcione direito essa internet hoje,2
j√° virou rotina minha internet cair √† noite de novo,1
tem alguma promo√ß√£o nova no meu plano atual? agora,0
"minha internet est√° horr√≠vel, inst√°vel o dia inteiro me ajuda",2
estou completamente insatisfeito com voc√™s agora,3
"por favor, √© sempre a mesma coisa, ningu√©m faz nada!",3
"j√° entrei com reclama√ß√£o no PROCON, chega de novo",3
fui mal atendido na √∫ltima liga√ß√£o,1
"voc√™s s√≥ sabem cobrar, mas n√£o entregam servi√ßo agora",3
"poxa, minha internet est√° bem lenta hoje",1
me cobraram errado de novo esse m√™s,1
"olha, tudo certo com meu atendimento anterior, s√≥ uma d√∫vida hoje",0
"se isso n√£o for resolvido hoje, vou cancelar tudo",3
"por favor, estou cansado de falar com rob√¥ no atendimento",2
"√© sempre a mesma coisa, ningu√©m faz nada!",3
tentei resolver isso ontem e ainda nada de novo,1
"se n√£o resolverem agora, vou pra concorrente por favor",3
"gente, se n√£o resolverem agora, vou pra concorrente agora",3
"isso √© um absurdo, vou processar essa empresa hoje",3
"olha, me cobraram errado de novo esse m√™s",1
"oi, tudo bem? quero verificar meu consumo",0
nunca mais contrato nada com essa operadora por favor,3
"j√° entrei com reclama√ß√£o no PROCON, chega",3
j√° virou rotina minha internet cair √† noite,1
"olha, oi, tudo bem? quero verificar meu consumo hoje",0
"isso j√° aconteceu outras vezes, estou ficando irritado",2
"gente, fui mal atendido na √∫ltima liga√ß√£o de novo",1
"gente, ol√°, quero entender melhor meu contrato hoje",0
t√° dif√≠cil falar com algu√©m do suporte,1
quero saber se posso mudar meu plano,0
me cobraram errado de novo esse m√™s,1
"por favor, j√° tentei ligar e ningu√©m me atende, poderiam me ajudar aqui? hoje",1
"voc√™s s√≥ sabem cobrar, mas n√£o entregam servi√ßo",3
"gente, isso j√° aconteceu outras vezes, estou ficando irritado ...",2
"sinceramente, cansei de reclamar e nada muda t√° dif√≠cil",2
"minha internet est√° horr√≠vel, inst√°vel o dia inteiro",2
"j√° entrei com reclama√ß√£o no PROCON, chega de novo",3
"√© sempre a mesma coisa, ningu√©m faz nada! hoje",3
me sinto desrespeitado como cliente,2
voc√™s poderiam me mandar a √∫ltima fatura?,0
"minha internet est√° horr√≠vel, inst√°vel o dia inteiro t√° dif√≠cil",2
"tudo certo com meu atendimento anterior, s√≥ uma d√∫vida hoje",0
j√° virou rotina minha internet cair √† noite hoje,1
"olha, voc√™s me fazem perder tempo e paci√™ncia me ajuda",3
"tudo certo com meu atendimento anterior, s√≥ uma d√∫vida",0
quero saber se posso mudar meu plano agora,0
voc√™s poderiam me mandar a √∫ltima fatura? por favor,0
tentei resolver isso ontem e ainda nada ...,1
"olha, se isso n√£o for resolvido hoje, vou cancelar tudo",3
"isso √© um absurdo, vou processar essa empresa",3
"por favor, me cobraram errado de novo esse m√™s agora",1
"meu sinal fica caindo toda hora, t√° complicado agora",1
n√£o tem um dia que funcione direito essa internet por favor,2
"j√° tentei ligar e ningu√©m me atende, poderiam me ajudar aqui? de novo",1
voc√™s me fazem perder tempo e paci√™ncia de novo,3
"sinceramente, me prometeram uma liga√ß√£o e n√£o retornaram !!!",1
me prometeram uma liga√ß√£o e n√£o retornaram,1
estou cansado de falar com rob√¥ no atendimento,2
"por favor, oi, poderiam me ajudar por favor? de novo",0
fui mal atendido na √∫ltima liga√ß√£o ...,1
"sinceramente, j√° entrei com reclama√ß√£o no PROCON, chega hoje",3
nunca mais contrato nada com essa operadora,3
"olha, quero saber se posso mudar meu plano !!!",0
"olha, se isso n√£o for resolvido hoje, vou cancelar tudo de novo",3
"oi, poderiam me ajudar por favor?",0
"gente, tentei resolver isso ontem e ainda nada ...",1
"se isso n√£o for resolvido hoje, vou cancelar tudo de novo",3
"minha internet est√° horr√≠vel, inst√°vel o dia inteiro t√° dif√≠cil",2
me sinto desrespeitado como cliente t√° dif√≠cil,2
"por favor, h√° dias tento resolver isso e s√≥ enrolam agora",2
n√£o tem um dia que funcione direito essa internet,2
"meu sinal fica caindo toda hora, t√° complicado agora",1
j√° abri 5 protocolos e ningu√©m resolve nada,3
"olha, nunca mais contrato nada com essa operadora me ajuda",3
"bom dia, gostaria de uma informa√ß√£o sobre meu plano hoje",0
"poxa, minha internet est√° bem lenta hoje agora",1
"gente, h√° dias tento resolver isso e s√≥ enrolam",2
"por favor, ol√°, quero entender melhor meu contrato",0
"ningu√©m resolve meu problema, sempre empurram pra outro setor !!!",2
"ningu√©m resolve meu problema, sempre empurram pra outro setor",2
"gente, isso √© um absurdo, vou processar essa empresa",3
"ol√°, tudo bem? preciso verificar meu saldo dispon√≠vel.",0
"estou sem internet desde ontem, isso √© inaceit√°vel!",3
me prometeram um desconto que n√£o apareceu na fatura,2
"por favor, poderia verificar se h√° cobran√ßa pendente?",0
o servi√ßo de voc√™s cai toda tarde estou cansado,2
"sinceramente, √© imposs√≠vel assistir streaming com essa internet",2
"gostaria de saber sobre o 5G na minha regi√£o, √© poss√≠vel?",0
"j√° pedi tr√™s vezes para cancelar e continuam cobrando, absurdo!",3
"minha conex√£o est√° inst√°vel desde ontem, podem verificar?",1
"ol√°, s√≥ queria confirmar o valor da pr√≥xima fatura",0
voc√™s prometem resolver mas nunca cumprem os prazos,2
"vou trocar de operadora hoje mesmo, perdi a paci√™ncia",3
"√© poss√≠vel adicionar uma linha adicional no meu plano?",0
o t√©cnico n√£o apareceu no hor√°rio marcado de novo,1
precisava de uma solu√ß√£o urgente e ningu√©m me atende,2
"olha, est√° imposs√≠vel trabalhar com essa internet",2
"bom dia, gostaria de saber sobre os planos de TV",0
"me ajudem, n√£o consigo acessar minha conta online",1
tr√™s dias sem sinal e ningu√©m me d√° uma posi√ß√£o,3
"esse atendimento √© p√©ssimo",2
Tenho enfrentado dificuldades constantes com o servi√ßo.,1
O suporte t√©cnico est√° demorando para responder.,1
Tentei entrar em contato por telefone e n√£o consegui.,1
Estou extremamente insatisfeito com o atendimento prestado.,2
Estou com d√∫vida sobre o limite de dados do meu plano.,0
Estou aguardando retorno de um atendimento anterior.,1
Chega! J√° esperei tempo demais.,3
Nenhuma das solu√ß√µes apresentadas resolveu meu problema.,2
"N√£o h√° mais justificativas poss√≠veis, quero o cancelamento imediato.",3
Existe alguma promo√ß√£o para clientes antigos?,0
A operadora n√£o cumpre o que promete no contrato.,2
Quero saber se h√° cobran√ßa adicional pelo suporte t√©cnico.,0
Fiz uma solicita√ß√£o e ainda n√£o foi atendida.,1
J√° registrei uma queixa formal no PROCON.,3
N√£o suporto mais o descaso com o cliente.,3
Qual √© o valor da minha mensalidade este m√™s?,0
Minha conex√£o tem oscilado frequentemente nas √∫ltimas semanas.,1
Estou me sentindo ignorado pelo suporte.,2
"Ol√°, tudo bem? Gostaria de saber qual √© o vencimento da minha fatura.",0
Voc√™s est√£o me for√ßando a cancelar o servi√ßo por falta de solu√ß√£o.,3
Gostaria de verificar a possibilidade de migrar para um plano superior.,0
J√° reiniciei o modem e a conex√£o continua inst√°vel.,1
"Bom dia, quero entender melhor as condi√ß√µes do meu plano atual.",0
N√£o h√° transpar√™ncia nas respostas que recebo.,2
√â inaceit√°vel pagar por um servi√ßo que n√£o funciona direito.,2
Poderiam me informar se h√° alguma taxa para trocar o modem?,0
"Se isso n√£o for resolvido imediatamente, vou procurar meus direitos.",3
N√£o vou mais tolerar esse tipo de atendimento.,3
Quero confirmar se meu pagamento foi recebido corretamente.,0
"Isso √© desrespeito total, vou expor nas redes sociais.",3
"O t√©cnico veio, mas o problema voltou no dia seguinte.",2
A empresa est√° me causando preju√≠zos com essa instabilidade.,3
Minha internet est√° mais lenta do que o normal hoje.,1
Toda semana tenho que abrir um novo protocolo.,2
"Preciso de ajuda com urg√™ncia, mas ningu√©m atende.",1
J√° reclamei diversas vezes e o problema persiste.,2
Como posso obter uma segunda via da fatura?,0
A velocidade contratada n√£o est√° sendo entregue.,1
Estou considerando cancelar por causa da recorr√™ncia dos problemas.,2
Estou profundamente frustrado com essa operadora.,3
Preciso falar com suporte,0
Preciso falar com suporte porque nada funciona nessa merda,3
Me passa pro Nycolas,0
Me passa pro Nycolas sua incompetente,3
"isso aqui t√° uma merda, n√£o funciona direito nunca",2
"se ningu√©m resolver, eu meto um processo, seus incompetentes",3
vou fazer um esc√¢ndalo com essa empresa de merda,3
"j√° deu, toda semana essa porcaria cai",2
n√£o aguento mais ter que reiniciar o modem todo dia,2
"o suporte de voc√™s √© p√©ssimo, uma completa decep√ß√£o",2
voc√™s t√£o de sacanagem com a minha cara,3
ningu√©m resolve essa desgra√ßa,2
"nunca mais contrato essa bosta, empresa lixo",3
j√° mandei tomar no cu esse atendimento de voc√™s,3
"n√£o vou pagar por essa bosta, t√£o me roubando",3
"que servi√ßo porco, n√£o d√° pra confiar",2
"isso aqui vive travando, √© insuport√°vel",2
"voc√™s s√≥ prestam pra cobrar, porque pra atender √© uma desgra√ßa",3
√© sempre uma enrola√ß√£o do caralho,2
"isso √© uma palha√ßada, vou meter no PROCON",3
o atendimento de voc√™s √© uma piada,2
"se essa merda n√£o funcionar agora, vou cancelar essa porra toda",3
voc√™s s√≥ sabem foder com o cliente,3
cansei de falar com rob√¥ e n√£o ter resposta,2
"fui muito bem atendido, estou extremamente satisfeito",0
√≥tima experi√™ncia com a central de atendimento,0
"estou feliz com o servi√ßo, tudo funcionando perfeitamente",0
"√≥timo suporte, resolvido muito r√°pido",0
"me surpreendi com a agilidade, parab√©ns √† equipe",0
"superou minhas expectativas, muito obrigado",0
"tudo resolvido sem complica√ß√µes, atendimento show",0
"excelente servi√ßo, agrade√ßo pela aten√ß√£o",0
foi o melhor atendimento que j√° tive com operadora,0
"problema resolvido com efici√™ncia, atendimento excelente",0
fiquei impressionado com a rapidez da solu√ß√£o,0
"parab√©ns pelo atendimento, tudo perfeito",0
muito satisfeito com o plano e com o suporte recebido,0
atendente foi muito gentil e resolveu tudo,0
"n√£o tenho do que reclamar, atendimento impec√°vel",0
muito obrigado pela aten√ß√£o e agilidade,0
"resolvido em poucos minutos, atendimento exemplar",0
"adoro o atendimento de voc√™s, sempre funciona bem",0
"me ajudaram muito, equipe excelente",0
"nota10 para o t√©cnico, foi muito educado e eficiente",0
"essa merda de internet n funciona NUNCA",3
"vcs t√£o de brincadeira cmg, toda hr cai essa porra",3
"t√¥ PUTASSO j√°, ngm resolve nada",3
"o atendimento de vcs √© uma piada, s√≥ enrola",2
"meu modem parece um lixo, vive travando",2
"3 dias sem net e nada de resposta, palha√ßada",3
"preciso resolver essa porra hj, sen√£o j√° era",3
"porra, que saco isso, n√£o aguento mais",3
"caralho, toda semana a mesma merda",3
"t√° de sacanagem n√©, n√£o d√° pra assistir NADA",2
"algu√©m me ajuda a√≠ pelo amor, sem paci√™ncia j√°",2
"ngm atende essa bosta de suporte",2
"que atendimento escroto, vcs s√≥ me enrolam",3
"mandei msg 4x e NADA, absurdo",3
"cansei de vcs j√°, vou trocar de operadora",3
"fui mal atendido dnv, ningu√©m resolve porra nenhuma",2
"preciso da fatura, mas n tem urgencia n√£o",0
"vcs s√£o muito bons, obg pela aten√ß√£o üíô",0
"atendimento nota10, parab√©ns msm",0
"o cara do suporte foi gente boa demais",0
"adorei o atendimento, resolveu rapidin",0
"vcs t√£o de parab√©ns, resolveu tudo certim",0
"minha net voltou, vlw de vdd",0
"brigad√£o pelo suporte, show de bola",0
"tudo certim aqui agr, vlw msm",0
"vcs s√£o top dms, atendimento10/10",0
"vlw pela paci√™ncia a√≠, resolveu j√°",0
"bom dia, queria s√≥ tirar uma d√∫vida do plano",0
"oi, queria entender se tenho fidelidade ainda",0
"tem como mudar meu plano atual?",0
"bom atendimento, mas demorou um pouco",1
"n√£o consegui acessar o app hj, t√° bugado?",1
"internet t√° caindo toda hr, ajuda ae",1
"meu sinal t√° fraco pacas hj, q q rol√¥?",1
"fatura sumiu do app, n consigo pagar",1
"algu√©m a√≠ do suporte consegue ver isso pra mim?",1
"preciso do hist√≥rico de consumo desse m√™s",0
"tem alguma promo boa rolando pra cliente antigo?",0
"recebi fatura errada, mas sem stress, s√≥ corrijam",1
"queria agendar visita t√©cnica, como faz?",0
"atendimento at√© que foi de boa hj",1
"pessoal, minha net t√° muito lenta hj",1
"t√¥ tentando desde ontem e nada, ajuda a√≠",2
"s√≥ enrola√ß√£o, ningu√©m resolve meu caso",2
"suporte horr√≠vel, ningu√©m sabe nada",3
"t√¥ PUTA, 4 dias esperando retorno",3
"que porra de empresa √© essa, nada funciona",3
"vcs deviam ter vergonha, servi√ßo LIXO",3
"ningu√©m atende, vcs s√£o uma bosta",3
"obg mesmo, atendimento excelente hoje üíô",0
"essa bosta dessa net caiu de novo pqp",3
"como sempre, nada funciona nessa carni√ßa",3
"falar com vcs √© pior que gritar pro vento",3
"ningu√©m resolve o caralho do meu problema",3
"pra cobrar s√£o r√°pidos, pra resolver? piada",3
"toda semana essa net do inferno cai",3
"o t√©cnico nem apareceu, s√≥ palha√ßada",3
"me responderam um rob√¥, t√¥ de saco cheio",2
"essa empresa √© uma vergonha, lixo puro",3
"n√£o aguento mais abrir protocolo, chega",2
"s√≥ desculpa atr√°s de desculpa, v√£o se f*",3
"j√° reclamei mil vezes, ngm faz nada",3
"t√£o de sacanagem cmg, servi√ßo rid√≠culo",3
"cansei de ser feito de idiota",3
"vcs s√≥ enrolam e prometem, resolver que √© bom nada",2
"sempre tem um erro na minha conta, todo m√™s",2
"parece que o sistema de vcs √© feito com fita crepe",2
"vcs querem perder cliente √© isso?",3
"baita falta de respeito com consumidor",2
"isso aqui virou um circo, s√≥ falta o palha√ßo",3
"fui tratado como lixo por um atendente",3
"pelo amor de deus, algu√©m resolve minha internet",2
"vcs me odeiam √©? pq tratam assim o cliente?",3
"isso √© um desrespeito absurdo",2
"toda hora a mesma novela com vcs",2
"porra, s√≥ queria ver um v√≠deo sem travar",2
"net t√° mais lenta que tartaruga gripada",1
"n√£o t√¥ conseguindo logar no app, ajuda a√≠",1
"preciso do boleto da fatura, mas sem urg√™ncia",0
"obrigado pela ajuda, foi r√°pido hoje",0
"valeu pelo retorno, resolveu",0
"tudo certo aqui, obg viu",0
"adorei a aten√ß√£o da atendente, top",0
"muito educado o t√©cnico que veio hj",0
"resolvido com sucesso, parab√©ns pelo suporte",0
"valeu cria",0
"brigad√£o pela agilidade, gostei muito",0
"agora sim o servi√ßo t√° funcionando, show",0
"problema resolvido, nem acredito kkk",0
"sem palavras, atendimento foda",0
"top dms, resolveu em 5min",0
"q bom que me atenderam r√°pido hj",0
"t√©cnico super atencioso, adorei",0
"servi√ßo √≥timo, t√¥ satisfeita",0
"atendimento bom mas esperei demais",1
"n√£o recebi retorno ainda, t√° dif√≠cil",1
"net caiu dnv, que saco",1
"poderiam verificar minha fatura?",0
"o t√©cnico marcou hor√°rio mas n√£o veio",1
"preciso de ajuda mas ngm responde",1
"pra cobrar voces sao bao",2
"essa merda n√£o carrega nem o google direito",2
"todo m√™s uma fatura errada, vcs s√£o incompetentes",3
"tentei 5 vezes falar com vcs, ningu√©m atende porra",3
"resolvam logo isso ou vou cancelar essa baga√ßa",3
"t√° de sacanagem essa net caindo toda hora",2
"me mandaram esperar o t√©cnico e ele nunca veio",3
"falam que v√£o ligar e nunca ligam, palha√ßada",3
"ningu√©m respeita o cliente nessa empresa",3
"essa bosta de sistema vive dando erro",2
"impressionante como vcs n√£o fazem nada certo",3
"chega! vou meter vcs no procon",3
"parece que trabalham com sinal de fuma√ßa",2
"essa carni√ßa de internet travou no meio da reuni√£o",3
"n√£o aguento mais essa desgra√ßa caindo",3
"pra cobrar s√£o bons, mas pra resolver s√£o uma piada",3
"atendimento lixo, nota zero",3
"empresa mais porca que j√° contratei",3
"vcs s√≥ prestam pra causar estresse",3
"net caiu de novo, pra variar n√©",2
"mandaram t√©cnico aqui e ele n√£o sabia nada",2
"demorei1h pra falar com atendente e n√£o resolveu nada",3
"√© tanta demora que achei que tinha morrido",2
"problema recorrente, toda semana √© a mesma palha√ßada",2
"tudo travando, parece internet discada",2
"n√£o consigo assistir nem um v√≠deo no youtube",2
"brigado mesmo! hoje me salvaram",0
"show o atendimento hoje, parab√©ns",0
"resolvido! vlw d+",0
"finalmente algu√©m que resolve as coisas",0
"melhor atendimento que tive com essa empresa",0
"o t√©cnico foi super gente boa",0
"atendente educada, resolveu tudo",0
"tudo certinho por aqui agora, gratid√£o",0
"muito obrigada pela aten√ß√£o e agilidade",0
"nota 10 pra vcs",0
"problema resolvido em menos de 10 minutos",0
"me surpreendi, muito bom mesmo",0
"valeu, deu tudo certo agora",0
"obrigado! suporte excelente",0
"t√¥ feliz com o resultado, obg",0
"responderam r√°pido, gostei",0
"atendimento bom, mas podia ser mais r√°pido",1
"liguei ontem e n√£o retornaram",1
"o chat n√£o responde nunca",1
"esperando h√° horas algu√©m me atender",1
"net oscilando direto, t√° dif√≠cil",1
"minha conex√£o vive caindo √† noite",1
"n√£o consigo falar com atendente humano",1
"liguei e caiu a liga√ß√£o no meio",1
"me cobraram uma taxa indevida",1
"o t√©cnico atrasou 2h",1
"por gentileza, gostaria de entender o motivo da cobran√ßa extra",1
"essa bosta caiu de novo no meio do jogo",2
"boa tarde, consigo alterar meu plano atual?",0
"seu atendimento √© uma piada, vai se ferrar",3
"senhores, por favor, verifiquem minha solicita√ß√£o anterior",1
"n√£o aguento mais reiniciar essa porcaria",2
"quero agradecer ao suporte, foi excelente",0
"porra, de novo sem sinal? voc√™s s√£o de mentira?",3
"gostaria de uma segunda via da fatura, por favor",0
"todo m√™s um problema diferente, puta empresa desgra√ßada",3
"obrigado pelo suporte r√°pido hoje",0
"vou enfiar essa fatura onde n√£o bate sol, cansei",3
"bom dia, ainda estou aguardando retorno",1
"net lixo, n√£o d√° pra confiar em voc√™s nem pra assistir jornal",2
"liguei ontem e desligaram na minha cara, palha√ßada",3
"excelente servi√ßo, continuem assim",0
"pelo amor de deus, me ajuda com essa internet",1
"isso aqui n√£o funciona nem pra mandar um zap",2
"me cobraram duas vezes, mas n√£o entregaram nada",2
"voc√™s s√≥ existem pra foder com o consumidor",3
"senhores, informo que caso o problema persista, tomarei medidas legais",3
"√≥timo atendimento hoje, parab√©ns √† atendente",0
"essa merda de conex√£o caiu na hora do pix",2
"estou h√°3 0 minutos esperando no atendimento",1
"servi√ßo nota1000, grato pelo retorno",0
"nunca vi algo t√£o desorganizado, vcs s√£o um lixo",3
"quero saber o motivo da queda de sinal √†s18h todos os dias",1
"resolvido em 5 minutos, incr√≠vel",0
"essa carni√ßa de modem devia ser jogada no lixo",3
"o atendente foi extremamente cort√™s e eficaz",0
"preciso saber se minha solicita√ß√£o foi processada corretamente",1
"n√£o tem um dia que funcione essa bosta",2
"gostei bastante do atendimento t√©cnico, parab√©ns",0
"toda hora essa baga√ßa trava, t√° foda",2
"senhores, solicito revis√£o contratual com urg√™ncia",1
"obrigado pela aten√ß√£o, tudo certo agora",0
"me ajudaaaaaaaaaaaaaaaaaaaaaaaaaaaaaaaa pelo amorrrrr j√° tentei de tudo aqui",3
"parab√©ns pelo atendimento eficiente",0
"essa empresa √© uma vergonha nacional",3
"bom dia, o t√©cnico j√° est√° a caminho?",0
"n√£o entendi nada que me disseram no suporte",1
"voc√™s t√£o testando a minha paci√™ncia, n√©?",3
"liguei tr√™s vezes e s√≥ escuto musiquinha, palha√ßada",3
"valeu demais pelo suporte, resolveu rapidinho",0
"t√¥ quase voltando pro sinal de fuma√ßa",2
"o sistema caiu no meio da fatura, resolvam",2
"gente, d√° pra algu√©m normal me atender?",1
"empresa lixo, s√≥ promete e n√£o entrega",3
"parab√©ns pelo atendimento educado e resolutivo",0
"isso aqui √© brincadeira? servi√ßo de quinta",3
me ajudaaaaaaaaaaaaaaaaaaaaaaaaaaaaaaaaaaaaaaaaaaaaaaaaa por favor,1
"internet lixo do carai, vive caindo",2
"boa tarde, solicito uma an√°lise t√©cnica urgente",1
"deu tudo certo, obrigado mesmo viu, vcs foram r√°pidos",0
"eu s√≥ queria assistir um video SEM TRAVAR, √© pedir demais?",2
"puta q pariu, ningu√©m resolve NADA nessa merda",3
"o cara do suporte foi top, parab√©ns!",0
"meu plano t√° errado de novo, me ajuda pfv",1
isso aqui √© uma PIADA n√©? s√≥ pode!,3
preciso de ajuda com a fatura mas sem urg√™ncia t√°,0
"vcs s√£o muito bons, parab√©ns pelo atendimento",0
N√ÉO FUNCIONA ESSA BOSTA DE INTERNET NEM COM ORA√á√ÉO,3
"t√¥ chorando de raiva aqui, me ajuda porra",1
"liguei3x e ningu√©m atendeu, q palha√ßada",3
"atendente foi um anjo, resolvido tudo",0
"boa noite, gostaria de um suporte mais eficaz",1
essa operadora √© uma vergonha,3
NAO CONSIGO ACESSAR NADA SEUS BOSTA,2
"obrigadaaaaaaa, salvou meu dia",0
"t√¥ cansado j√°, todo dia esse inferno trava",2
mano que porra que vcs t√£o fazendo com meu plano?,3
"venho respeitosamente pedir uma solu√ß√£o definitiva",1
"nunca pensei que fosse agradecer o atendimento, mas to agradecendo",0
"nem o site de vcs abre, o que ta acontecendo aiii",3
essa merda de internet nem carrega e ainda cobram caro,2
"t√©cnico foi educado e resolveu na hora",0
"t√¥ aqui desde ontem esperando uma resposta",1
esse atendimento √© uma PIADA,3
resolvido!! muito obrigado de verdade,0
MEU DEUS Q ODIOOOOOOOOOOOOOOOOOOOOO,3
"desligaram na minha cara, que falta de respeito",3
"gente, s√≥ queria uma segunda via da fatura, √© pedir demais?",1
internet de bosta do caralho,2
"valeu demais galera, resolveu r√°pido",0
N√ÉO FUNCIONA NEM PRA ABRIR O INSTAGRAM,3
"boa tarde, estou no aguardo de retorno sobre o ticket1023",1
"to implorando aqui √≥, me ajuda logo",1
"tudo certo, funcionou aqui, valeuuu",0
"gostaria de agradecer a agilidade no atendimento",0
"isso aqui √© uma zona, ningu√©m resolve nad",3
parece piada esse suporte de voc√™s,3
"quero agradecer pelo √≥timo atendimento de hoje",0
cade o t√©cnico q vcs prometeram ontem seus lixo?,3
"atendimento foi show, agradecido",0
preciso muito resolver isso e ningu√©m responde,1
"esse app de vcs √© uma desgra√ßa, trava tudo",2
"senhores, solicito por gentileza uma posi√ß√£o definitiva",1
n√£o aguento mais reiniciar modem TODO DIA,2